{
    "Random": {
        "metrics": {
            "accuracy": 0.5789473684210527,
            "precision": 0.3333333333333333,
            "recall": 0.6,
            "f1": 0.42857142857142855,
            "auc_roc": 0.4428571428571429
        },
        "y_true": [
            0,
            0,
            0,
            1,
            0,
            0,
            1,
            1,
            0,
            0,
            0,
            0,
            0,
            1,
            0,
            0,
            1,
            0,
            0
        ],
        "y_prob": [
            0.69273615761294,
            0.5845927809853625,
            0.37955235728802167,
            0.170208011746071,
            0.7985802904772141,
            0.3900210800114896,
            0.7565034755265211,
            0.820520535450569,
            0.4606281303915993,
            0.6764178902433828,
            0.195010514762046,
            0.8907255186827505,
            0.4350633780494452,
            0.7847287562373686,
            0.47931966596426034,
            0.37727328975051133,
            0.9035119089488339,
            0.30747784816180596,
            0.6543551142267745
        ]
    },
    "Majority": {
        "metrics": {
            "accuracy": 0.7368421052631579,
            "precision": 0.0,
            "recall": 0.0,
            "f1": 0.0,
            "auc_roc": 0.5
        },
        "y_true": [
            0,
            0,
            0,
            1,
            0,
            0,
            1,
            1,
            0,
            0,
            0,
            0,
            0,
            1,
            0,
            0,
            1,
            0,
            0
        ],
        "y_prob": [
            0.0,
            0.0,
            0.0,
            0.0,
            0.0,
            0.0,
            0.0,
            0.0,
            0.0,
            0.0,
            0.0,
            0.0,
            0.0,
            0.0,
            0.0,
            0.0,
            0.0,
            0.0,
            0.0
        ]
    },
    "Heuristic (CI Threshold)": {
        "metrics": {
            "accuracy": 0.2631578947368421,
            "precision": 0.2631578947368421,
            "recall": 1.0,
            "f1": 0.4166666666666667,
            "auc_roc": 0.5
        },
        "y_true": [
            0,
            0,
            0,
            1,
            0,
            0,
            1,
            1,
            0,
            0,
            0,
            0,
            0,
            1,
            0,
            0,
            1,
            0,
            0
        ],
        "y_prob": [
            1.0,
            1.0,
            1.0,
            1.0,
            1.0,
            1.0,
            1.0,
            1.0,
            1.0,
            1.0,
            1.0,
            1.0,
            1.0,
            1.0,
            1.0,
            1.0,
            1.0,
            1.0,
            1.0
        ]
    }
}