{
  "intervention_results": {
    "Always": 0.0,
    "CI-timing": 0.97,
    "Random_budget_matched": 0.9775,
    "Late": 0.98
  },
  "avg_peak_t": 3,
  "random_timestep_distribution": {
    "0": 17,
    "1": 22,
    "2": 13,
    "3": 16,
    "4": 10,
    "5": 10,
    "6": 14,
    "7": 14,
    "8": 12,
    "9": 16,
    "10": 21,
    "11": 18,
    "12": 10,
    "13": 21,
    "14": 13,
    "15": 7,
    "16": 8,
    "17": 13,
    "18": 7,
    "19": 15,
    "20": 15,
    "21": 14,
    "22": 13,
    "23": 11,
    "24": 14,
    "25": 11,
    "26": 12,
    "27": 9,
    "28": 11,
    "29": 13
  },
  "final_auc": 0.6770833333333334,
  "CI_perceptual_correlation": 0.1576858937570723,
  "nan_before": 1364,
  "nan_after": 0
}