{
  "C": 0.001,
  "class_weight": null,
  "threshold": 0.2530131865411856,
  "val_f1": 0.6666666622222223
}