{
  "condition": "control",
  "n_samples": 120,
  "n_models": 12,
  "n_seeds": 10,
  "early_t_end": 16,
  "collapse_percentile": 25,
  "minsim_threshold_thin": 295.5,
  "n_collapsed": 30,
  "n_stable": 90,
  "roc_auc": 0.7383333333333333,
  "auc_verdict": "MODERATE",
  "accuracy": 0.6666666666666666,
  "precision": 0.3684210526315789,
  "recall": 0.4666666666666667,
  "confusion_matrix": [
    [
      66,
      24
    ],
    [
      16,
      14
    ]
  ],
  "lr_coefficient_ci": -0.37622047193305663,
  "lr_intercept": -0.012573062533930273
}