{
  "metrics": {
    "accuracy": 0.2631578947368421,
    "precision": 0.2631578947368421,
    "recall": 1.0,
    "f1": 0.4166666666666667,
    "auc_roc": 0.7714285714285715,
    "pr_auc": 0.5111111111111111,
    "auc_roc_ci": [
      0.5575961538461539,
      0.9527597402597402
    ]
  },
  "y_true": [
    0,
    0,
    0,
    1,
    0,
    0,
    1,
    1,
    0,
    0,
    0,
    0,
    0,
    1,
    0,
    0,
    1,
    0,
    0
  ],
  "y_prob": [
    0.5064937752318178,
    0.47772027564868397,
    0.4528844277786879,
    0.49710468055117646,
    0.4901259579414586,
    0.47894545980810244,
    0.49710468055117646,
    0.49710468055117646,
    0.49494349575138347,
    0.47852797356138826,
    0.4696727887923546,
    0.49710468055117646,
    0.4875468121207186,
    0.49710468055117646,
    0.49710468055117646,
    0.4925522897488984,
    0.4966737844247752,
    0.5032024527073092,
    0.4771464344088203
  ]
}